family,variation,algorithm,year,time_class,time_expr,time_encoding,space_class,space_expr,looked_at,approximate,heuristic,randomized,model,authors,title,paper_url,doi,description,remarks
Linear System,Sparse Quantum Linear System,Harrow (Quantum),2009,2.0,$O(k^2*\log n)$,,2.0,O(\log n),2.0,0.0,0.0,0.0,Quantum Computer,"['Aram W. Harrow', 'Avinatan Hassidim', 'Seth Lloyd']",['Quantum Algorithm for Linear Systems of Equations'],https://journals.aps.org/prl/abstract/10.1103/PhysRevLett.103.150502,10.1103/PhysRevLett.103.150502,Quantum algorithm,
Linear System,Sparse Quantum Linear System,,2017,2.0,"O(poly(log(n), log(1/eps), d, 1/k))",,,,2.0,0.0,,,Quantum Computer,"['Childs', 'Kothari', 'Somma']",['Quantum Algorithm for Systems of Linear Equations with Exponentially Improved Dependence on Precision'],https://epubs.siam.org/doi/epdf/10.1137/16M1087072,,Quantum algorithm,
Linear System,Sparse Quantum Linear System,,2019,4.0,O(k log(k) / eps),,3.0,O(kn * poly(\log(1/eps)) * (1 / eps)),2.0,1.0,,0.0,Quantum Computer,"['Subaşı', 'Somma', 'Orsucci']",Quantum Algorithms for Systems of Linear Equations Inspired by Adiabatic Quantum Computing,https://journals.aps.org/prl/pdf/10.1103/PhysRevLett.122.060504,10.1103/PhysRevLett.122.060504,Quantum algorithm,
Linear System,Sparse Quantum Linear System,Ambainis,2010,2.0,O(k log(k)^3 log(n)),,,,2.0,1.0,,,Quantum computer,['Ambainis'],['Variable time amplitude amplification and a faster quantum algorithm for solving systems of linear equations'],https://arxiv.org/pdf/1010.4458.pdf,10.48550/arXiv.1010.4458,Quantum algorithm,
Linear System,Bounded Norm Quantum Linear System,"Wossnig, Zhao, Prakash",2018,2.6,O(k^2 sqrt(n) poly(log(n)) / eps),,2.0,O(w \log(n)),2.0,1.0,0.0,,Quantum computer,"['Wossnig', 'Zhao', 'Prakash']",['Quantum Linear System Algorithm for Dense Matrices'],https://journals.aps.org/prl/pdf/10.1103/PhysRevLett.120.050502,10.1103/PhysRevLett.120.050502,Quantum algorithm,
Linear System,Toeplitz Quantum Linear System,"Wan, Yu, Pan, Gao, Wen, Qin",2018,2.1,,,,O(w \log(n)),1.0,,,,,"['Wan', 'Yu', 'Pan', 'Gao', 'Wen', 'Qin']",['Asymptotic quantum algorithm for the Toeplitz systems'],https://journals.aps.org/pra/pdf/10.1103/PhysRevA.97.062322,10.1103/PhysRevA.97.062322,Quantum algorithm,
Linear System,Sparsity-independent Quantum Linear Solver,"Li, Zhang, Liu, Liu, Dai",2022,2.6,O(poly(log(mn)) * k^2 * \sqrt(r) / \epsilon)),,,,1.0,,,,,"['Li', 'Zhang', 'Liu', 'Liu', 'Dai', 'Zhang', 'Dong']",['Quantum Linear System Algorithm for General Matrices in System Identification'],https://www.mdpi.com/1099-4300/24/7/893,10.3390/e24070893,Quantum algorithm,
Integer Factoring,Integer Factoring,Shor's Algorithm,1994,5.2,"O(poly(n))
more specifically: O(n^2 log n)",,3.0,O(m),1.0,,,,Quantum Computer,['Shor'],"['Polynomial-Time Algorithms for Prime Factorization
and Discrete Logarithms on a Quantum Computer']",https://arxiv.org/pdf/quant-ph/9508027.pdf,10.1137/S009753979529317,Quantum algorithm,
Integer Factoring,Integer Factoring,SQIF,2022,5.0,O(n^2/2p),,3.0,O(logN / loglogN),1.0,,,,Superconducting Quantum Processor,"Bao Yan,1, 2, ∗ Ziqi Tan,3, ∗ Shijie Wei,4, ∗ Haocong Jiang,5 Weilong Wang,1 Hong Wang,1 Lan Luo,1 Qianheng Duan,1 Yiting Liu,1 Wenhao Shi,1 Yangyang Fei,1 Xiangdong Meng,1 Yu Han,1 Zheng Shan,1 Jiachen Chen,3 Xuhao Zhu,3 Chuanyu Zhang,3 Feitong Jin,3 Hekang Li,3 Chao Song,3 Zhen Wang,3, † Zhi Ma,1, ‡ H. Wang,3 and Gui-Lu Long2, 4, 6, 7, §",['Factoring integers with sublinear resources on a superconducting quantum processor'],https://arxiv.org/pdf/2212.12372,,Quantum algorithm,"Based on QAOA/quantum estimation techniques, for which complexity bounds are not tight"
Integer Factoring,Integer Factoring,Regev's Algorithm,2023,5.0,O(n^2),,4.2,O(n^1.5),1.0,,,,Quantum Computer,['O. Regev'],['An Efficient Quantum Factoring Algorithm'],https://arxiv.org/pdf/2308.06572,10.48550/arXiv.2308.06572,Quantum algorithm,"each circuit has O(n^1.5) gates, repeated sqrt(n) times
Classical post-processing using lattice reduction algorithms"
Integer Factoring,Integer Factoring,Space-efficient Regev's Algorithm,2025,5.0,O(n^2),,4.0,O(n log n),1.0,,,,Quantum Computer,"['Seyoon Ragavan', 'Vinod Vaikuntanathan']",['Space-Efficient and Noise-Robust Quantum Factoring'],https://arxiv.org/html/2310.00899v5,,Quantum algorithm,Optimization over discrete log calculation
Integer Factoring,Integer Factoring,Chevnigard,2024,6.0,O(n^3),,3.0,O(n),1.0,,,,Quantum Computer,"['C. Chevignard', 'P.-A. Fouque', 'A. Schrottenloher']",['Reducing the Number of Qubits in Quantum Factoring'],https://eprint.iacr.org/2024/222.pdf,10.1007/978-3-032-01878-6_13,Quantum algorithm,
Integer Factoring,Integer Factoring,Jacobi Factoring,2024,4.5,O(n^(5/3)),,2.7,O(n^(2/3)),1.0,,,,Quantum Computer,"['Gregory D. Kahanamoku-Meyer', 'Seyoon Ragavan', 'Vinod Vaikuntanathan', 'Katherine Van Kirk']",['The Jacobi Factoring Circuit: Quantum Factoring with Near-Linear Gates and Sublinear Space and Depth'],https://arxiv.org/abs/2412.12558,10.1145/3717823.3718273,Quantum algorithm,"Integers of the form P^2 Q for Q in Theta(n^(2/3))
more generally, if Q has bit length m, the algorithm runs in O(mn + n^2/m) with O(m) qubits"
Integer Factoring,Integer Factoring,Gidney-Ekera,2021,6.2,0.3*n^3 + 0.005*n^3 * log(n),,3.0,3*n + 0.002*n*log(n),1.0,,,,Quantum Computer,,['How to factor 2048 bit RSA integers in 8 hours using 20 million noisy qubits'],https://arxiv.org/abs/1905.09749,10.22331/q-2021-04-15-433,Quantum algorithm,
Integer Factoring,Integer Factoring,Modified Shor's,2006,5.2,O(n^2 log n),,3.0,1.5n,1.0,,,,Quantum Computer,['Christof Zalka'],['Shor's algorithm with fewer (pure) qubits'],https://arxiv.org/abs/quant-ph/0601097,10.48550/arXiv.quant-ph/0601097,Quantum algorithm,Optimizations for the number of qubits used
Integer Factoring,Integer Factoring,Modified Shor's,2003,6.0,O(n^3),,3.0,2n +3,1.0,,,,Quantum Computer,['Stephane Beauregard'],['Circuit for Shor's algorithm using 2n+3 qubits'],https://arxiv.org/abs/quant-ph/0205095,10.48550/arXiv.quant-ph/0205095,Quantum algorithm,
Integer Factoring,Integer Factoring,Modified Shor's,2006,6.2,O(n^3 log n),,3.0,2n + 2,1.0,,,,Quantum Computer,"['Song Xiuli', 'Wen Liangsen']",['An improved circuit for Shor’s factoring algorithm using 2n + 2 qubits'],https://inspirehep.net/literature/2720697,10.1007/s11128-023-04159-y,Quantum algorithm,
Integer Factoring,Integer Factoring,Modified Shor's,2017,6.2,O(n^3 log n),,3.0,2n + 2,1.0,,,,Quantum Computer,"['Thomas Haner', 'Martin Roetteler', 'Krysta M. Svore']",['Factoring using 2n+2 qubits with Toffoli based modular multiplication'],https://arxiv.org/abs/1611.07995,10.48550/arXiv.1611.07995,Quantum algorithm,
Integer Factoring,Integer Factoring,,2025,5.0,O((log n)^2),,,,1.0,,,,Quantum Computer,"['Lukas Brenner', 'Libor Caha', 'Xavier Coiteux-Roy', 'Robert Koenig']",['Factoring an integer with three oscillators and a qubit'],https://pubmed.ncbi.nlm.nih.gov/41453897/,10.1038/s41467-025-67694-5,Quantum algorithm,
Integer Factoring,Integer Factoring,Variational Quantum Factoring,2018,2.8,O(s^2 n_c^4 n^8),,,,1.0,,,,Quantum Computer,"['Eric R. Anschuetz', 'Jonathan P. Olson', 'Alán Aspuru-Guzik', 'Yudong Cao']",['Variational Quantum Factoring'],https://arxiv.org/abs/1808.08927,10.48550/arXiv.1808.08927,Quantum algorithm,
Integer Factoring,Smallest Factor,Grover-based,2023,8.0,O(n^3 2^n),,3.0,< 2*n - 5,1.0,,,,Quantum Computer,"['S. Whitlock', 'T. D. Kieu']",['Quantum Factoring Algorithm using Grover Search'],https://arxiv.org/abs/2312.10054,,Quantum algorithm,also is a valid algorithm for general integer factoring
Logarithm Calculations,Logarithm Calculations,,2024,,Omega(n),,,,1.0,,,,,"['Minki Hhan', 'Takashi Yamakawa', 'Aaram Yun']",['Quantum Complexity for Discrete Logarithms and Related Problems'],https://arxiv.org/pdf/2307.03065,10.48550/arXiv.2307.03065,Quantum algorithm,proof of an asymptotic lower bound on algorithms for computing discrete logartihms
String Search,Single String Search,"Ramesh, Vinay",2000,2.5,O(sqrt(n)log(sqrt(n/m))log(m)+sqrt(m)log^2(m)),,,,1.0,,,,Quantum Computer,"['Ramesh', 'Vinay']",String Matching in Õ( √ n + √ m) Quantum Time,https://arxiv.org/pdf/quant-ph/0011049.pdf,10.1016/s1570-8667(03)00010-8,Quantum algorithm,
Polynomial Interpolation,Polynomial Interpolation,"Childs, Dam, Hung, Shparlinski",2016,3.0,d/2+1,,,,1.0,,,,Quantum Computer,"['Andrew M. Childs', 'Wim Van Dam', 'Shih-Han Hung', 'Igor E. Shparlinski']",Optimal Quantum Algorithm for Polynomial Interpolation,https://arxiv.org/pdf/1509.09271.pdf,10.4230/LIPIcs.ICALP.2016.16,Quantum algorithm,
Matrix Product,Boolean Matrix Multiplication,"Le Gall, Nishimura",2013,,"O(n^2*poly(log(n))) if m \leq n^1.1514
O(m^0.5168n^1.4049*poly(log(n))) if n^1.1514 \leq m \leq n^{\omega-1/2}
O(n^\omega*poly(log(n))) if n^{\omega-1/2} \leq m \leq n^2",,,,1.0,,,,,"['François Le Gall', 'Harumichi Nishimura']",Quantum Algorithms for Matrix Products over Semirings,https://arxiv.org/pdf/1310.3898.pdf,10.48550/arXiv.1310.3898,Quantum algorithm,
Matrix Product,Matrix Product Verification,"Buhrman, Špalek",2004,,O(n^(5/3)),,,,1.0,,,,Quantum Computer,"['Harry Buhrman', 'Robert Špalek']",Quantum Verification of Matrix Products,https://arxiv.org/pdf/quant-ph/0409035.pdf,10.48550/arXiv.quant-ph/0409035,Quantum algorithm,
Matrix Product,Distance Product,"Le Gall, Nishimura",2013,5.4,O(2^(0.640\ell)*n^2.458),,,,1.0,,,,Quantum Computer,"['François Le Gall', 'Harumichi Nishimura']",Quantum Algorithms for Matrix Products over Semirings,https://arxiv.org/pdf/1310.3898.pdf,10.48550/arXiv.1310.3898,Quantum algorithm,
Matrix Product,Matrix Product,,2023,,O(log N s k^2/eps),,,,1.0,,,,,"['Nhat A. Nghiem', 'Tzu-Chieh Wei']",An improved method for quantum matrix multiplication,https://link.springer.com/article/10.1007/s11128-023-04054-6,10.1007/s11128-023-04054-6,,
Maximum Flow,Integer Maximum Flow,"Krauss, McCollum, Pendery, Litwin, Michaels 1",2020,3.0,O(E*D*(log(U))^2),,3.0,O(E * log(U)),2.0,0.0,,0.0,Quantum Computer,"['Krauss', 'McCollum', 'Pendery', 'Litwin', 'Michaels']",Solving the Max-Flow Problem on a Quantum Annealing Computer,https://ieeexplore.ieee.org/abstract/document/9224181,10.1109/TQE.2020.3031085,Quantum algorithm,
Maximum Flow,Integer Maximum Flow,"Ambainis, Špalek",2006,2.5,"O(min((V^(7/6) * E^(1/2) * U^(1/3)), (V^(1/2) * U^(1/2) * E)) * log(V))",,,,2.0,0.0,,0.0,Quantum Computer,"['Ambainis', 'Špalek']",Quantum Algorithms for Matching and Network Flows,https://link.springer.com/content/pdf/10.1007/11672142_13.pdf,10.1007/11672142_13,Quantum algorithm,
Maximum Flow,st-Maximum Flow,"Yu, Tsai, Chou, Kuo",2007,5.5,O(V^2.5),,,,2.0,0.0,,0.0,Quantum Computer,"['Yu', 'Tsai', 'Chou', 'Kuo']",Improving the network flow problem using quantum search,https://ieeexplore.ieee.org/stamp/stamp.jsp?tp=&arnumber=4601381,10.1109/NANO.2007.4601381,Quantum algorithm,
Maximum Flow,st-Maximum Flow,"Apers, Auza, Lee",2024,4.5,O(V^1.83),,,,2.0,0.0,,0.0,Quantum Computer,"['Apers', 'Auza', 'Lee']",A sublinear query quantum algorithm for s-t minimum cut on dense simple graphs,https://arxiv.org/pdf/2110.15587,10.4855,Quantum algorithm,
Linear Programming,General Linear Programming,"Casares, Delgado",2020,4.5,O(L*sqrt(n)*(n+m)*kappa*norm(A)*\epsilon^-2),,,,0.0,,,,,"['Casares', 'Delgado']",A quantum interior-point predictor–corrector algorithm for linear programming,https://iopscience.iop.org/article/10.1088/1751-8121/abb439/meta,10.1088/1751-8121/abb439,Quantum algorithm,
Linear Programming,0-1 Linear Programming,"Arvind, Schuler",2002,8.0,O(2^(n/3)*n^d),,,,0.0,,,,Quantum Computer,"['Arvind', 'Schuler']",The Quantum Query Complexity of 0-1 Knapsack and Associated Claw Problems,https://arxiv.org/pdf/quant-ph/0212048,10.1007/978-3-540-24587-2_19,Quantum algorithm,
Closest Pair Problem,Euclidean space in k dimensions,"Aaronson, Chia, Lin, Wang, Zhang",2020,,,,,,,,,,,"['Scott Aaronson', 'Nai-Hui Chia', 'Han-Hsuan Lin', 'Chunhao Wang', 'Ruizhe Zhang']",,"https://arxiv.org/pdf/1911.01973.pdf#:~:text=The%20closest%20pair%20problem%20is,d%20%3D%20O(1)).",,Quantum algorithm,
Longest Common Subsequence,Longest Common Subsequence,"Le Gall, Seddighin",2020,2.8,Õ(n^(5/6)),,,,1.0,,,,Quantum Computing,"['François Le Gall', 'Saeed Seddighin']",['Quantum Meets Fine-grained Complexity: Sublinear Time Quantum Algorithms for String Problems'],https://arxiv.org/pdf/2010.12122.pdf,10.48550/arXiv.2010.12122,Quantum algorithm,
Longest Common Subsequence,Longest Common Subsequence,"Akmal, Jin",2022,2.6,Õ(n^(2/3)),,,,1.0,,,,Quantum Computing,"['Shyan Akmal', 'Ce Jin']",['Near-Optimal Quantum Algorithms for String Problems'],https://epubs.siam.org/doi/10.1137/1.9781611977073.109,10.1137/1.9781611977073.109,Quantum algorithm,
Longest Common Subsequence,Non-repetitive strings,"Le Gall, Seddighin",2020,2.7,Õ(n^(3/4)),,,,1.0,,,,Quantum Computing,"['François Le Gall', 'Saeed Seddighin']",['Quantum Meets Fine-grained Complexity: Sublinear Time Quantum Algorithms for String Problems'],https://arxiv.org/pdf/2010.12122.pdf,10.48550/arXiv.2010.12122,Quantum algorithm,
The Vertex Cover Problem,The Vertex Cover Problem,"Wang, Liang, Bao, Wu",2023,8.0,O(n^2*2^(n/2)),,5.0,O(n^2),1.0,,,,Quantum Computing,"['Zhaocai Wang', 'Kun Liang', 'Xiaoguang Bao', 'Tunhua Wu']",['Quantum Speedup for Solving the Minimum Vertex Cover Problem Based on Grover Search Algorithm'],https://link.springer.com/article/10.1007/s11128-023-04010-4,10.1007/s11128-023-04010-4,Quantum algorithm,
Maximum Cardinality Matching,General Graphs MCM (Adjacency List Model),Dörn 1,2009,4.2,O(n*sqrt(m)*log^2(n)),,,,1.0,,,,Quantum Computing,['Sebastian Dörn'],['Quantum Algorithms for Matching Problems'],https://www.researchgate.net/publication/220543780_Quantum_Algorithms_for_Matching_Problems,10.1007/s00224-008-9118-x,Quantum algorithm,
Maximum Cardinality Matching,General Graphs MCM (Adjacency Matrix Model),Dörn 1,2009,5.5,O(n^2*log^2(n)),,,,1.0,,,,Quantum Computing,['Sebastian Dörn'],['Quantum Algorithms for Matching Problems'],https://www.researchgate.net/publication/220543780_Quantum_Algorithms_for_Matching_Problems,10.1007/s00224-008-9118-x,Quantum algorithm,
Maximum Cardinality Matching,General Graphs MCM (Adjacency List Model),"Ambainis, Spalek 2",2005,4.7,O(n^2*(sqrt(m/n)+log(n))*log(n)),,,,1.0,,,,Quantum Computing,"['Andris Ambainis', 'Robert Špalek']",['Quantum Algorithms for Matching and Network Flows'],https://arxiv.org/pdf/quant-ph/0508205,10.48550/arXiv.quant-ph/0508205,Quantum algorithm,
Maximum Cardinality Matching,General Graphs MCM (Adjacency Matrix Model),"Ambainis, Spalek 2",2005,5.6,O(n^(5/2)*log(n)),,,,1.0,,,,Quantum Computing,"['Andris Ambainis', 'Robert Špalek']",['Quantum Algorithms for Matching and Network Flows'],https://arxiv.org/pdf/quant-ph/0508205,10.48550/arXiv.quant-ph/0508205,Quantum algorithm,
Maximum Cardinality Matching,General Graphs MCM (Adjacency Matrix Model),"Kimmel, Witter",2021,4.8,O(n^(7/4)),,,,1.0,,,,Quantum Computing,"['Shelby Kimmel', 'R. Teal Witter']",['A Query-Efficient Quantum Algorithm for Maximum Matching on General Graphs'],https://arxiv.org/pdf/2010.02324,10.48550/arXiv.2010.02324,Quantum algorithm,
Maximum Cardinality Matching,General Graphs MCM (Adjacency Matrix Model),"Kimmel, Witter",2021,4.3,O(n^(3/4)*sqrt(m+n)),,,,1.0,,,,Quantum Computing,"['Shelby Kimmel', 'R. Teal Witter']",['A Query-Efficient Quantum Algorithm for Maximum Matching on General Graphs'],https://arxiv.org/pdf/2010.02324,10.48550/arXiv.2010.02324,Quantum algorithm,
Maximum Cardinality Matching,Bipartite Graphs MCM (Adjacency List Model),"Ambainis, Spalek 1",2005,4.6,O(n*sqrt(n+m)*log(n)),,,,1.0,,,,Quantum Computing,"['Andris Ambainis', 'Robert Špalek']",['Quantum Algorithms for Matching and Network Flows'],https://arxiv.org/pdf/quant-ph/0508205,10.48550/arXiv.quant-ph/0508205,Quantum algorithm,
Maximum Cardinality Matching,Bipartite Graphs MCM (Adjacency Matrix Model),"Ambainis, Spalek 1",2005,5.4,O(n^2*log(n)),,,,1.0,,,,Quantum Computing,"['Andris Ambainis', 'Robert Špalek']",['Quantum Algorithms for Matching and Network Flows'],https://arxiv.org/pdf/quant-ph/0508205,10.48550/arXiv.quant-ph/0508205,Quantum algorithm,
Maximum Cardinality Matching,Bipartite Graphs MCM (Adjacency List Model),Furrow,2006,4.6,O(n*sqrt((n+m)*log(n))),,,,1.0,,,,Quantum Computing,['Bartholomew Furrow'],['A Panoply of Quantum Algorithms'],https://arxiv.org/pdf/quant-ph/0606127,10.48550/arXiv.quant-ph/0606127,Quantum algorithm,
Maximum Cardinality Matching,Bipartite Graphs MCM (Adjacency Matrix Model),Furrow,2006,5.4,O(n^2*sqrt(log(n))),,,,1.0,,,,Quantum Computing,['Bartholomew Furrow'],['A Panoply of Quantum Algorithms'],https://arxiv.org/pdf/quant-ph/0606127,10.48550/arXiv.quant-ph/0606127,Quantum algorithm,
Maximum Cardinality Matching,Bipartite Graphs MCM (Adjacency Matrix Model),"Lin, Lin",2014,4.5,O(n^(3/2)*p^(1/4)),,,,1.0,,,,Quantum Computing,"['Cedric Yen-Yu Lin', 'Han-Hsuan Lin']",['Upper bounds on quantum query complexity inspired by the Elitzur-Vaidman bomb tester'],https://arxiv.org/pdf/1410.0932,10.48550/arXiv.1410.0932,Quantum algorithm,Original paper states a different time complexity O(n^(7/4)) which is the same as the recorded time complexity whenever p = O(n)
Maximum Cardinality Matching,Bipartite Graphs MCM (Adjacency List Model),"Beighi, Taghavi",2020,4.3,O(n^(3/4)*sqrt(m+n)),,,,1.0,,,,Quantum Computing,"['Salman Beigi', 'Leila Taghavi']",['Quantum Speedup Based on Classical Decision Trees'],https://arxiv.org/pdf/1905.13095,10.48550/arXiv.1905.13095,Quantum algorithm,
Maximum Cardinality Matching,Bipartite Graphs MCM (Adjacency Matrix Model),"Blikstad, Van Den Brand, Efron, Mukhopaghyay, Nanongkai",2022,4.7,O(n^(3/2)*log^2(n)),,,,1.0,,,,Quantum Computing,"['Joakim Blikstad', 'Jan van den Brand', 'Yuval Efron', 'Sagnik Mukhopadhyay', 'Danupon Nanongkai']",['Nearly Optimal Communication and Query Complexity of Bipartite Matching'],https://arxiv.org/pdf/2208.02526,10.48550/arXiv.2208.02526,Quantum algorithm,
Maximum-Weight Matching,Bipartite Maximum-Weight Matching (Adjacency List Model),Dörn 2,2009,4.2,O(n*sqrt(m)*N*log^2(n)),,,,1.0,,,,Quantum Computing,['Sebastian Dörn'],['Quantum Algorithms for Matching Problems'],https://www.researchgate.net/publication/220543780_Quantum_Algorithms_for_Matching_Problems,10.1007/s00224-008-9118-x,Quantum algorithm,
Maximum-Weight Matching,Bipartite Maximum-Weight Matching (Adjacency Matrix Model),Dörn 2,2009,5.5,O(n^2*N*log^2(n)),,,,1.0,,,,Quantum Computing,['Sebastian Dörn'],['Quantum Algorithms for Matching Problems'],https://www.researchgate.net/publication/220543780_Quantum_Algorithms_for_Matching_Problems,10.1007/s00224-008-9118-x,Quantum algorithm,
Minumum Spanning Tree (Mst),"Undirected, General MST (Adjacency List Model)","Dürr, Heiligman, Høyer, Mhalla 2",2004,2.5,O(sqrt(n*m)),,2.0,O(log(n)),1.0,,,,Quantum Computing,"['Christoph Dürr', 'Mark Heiligman', 'Peter Høyer', 'Mehdi Mhalla']",['Quantum Query Complexity of Some Graph Problems'],https://arxiv.org/pdf/quant-ph/0401091,10.1137/050644719,Quantum algorithm,
Minimum Spanning Tree (Mst),"Undirected, General MST (Adjacency Matrix Model)","Dürr, Heiligman, Høyer, Mhalla 2",2004,4.5,O(n^(3/2)),,2.0,O(log(n)),1.0,,,,Quantum Computing,"['Christoph Dürr', 'Mark Heiligman', 'Peter Høyer', 'Mehdi Mhalla']",['Quantum Query Complexity of Some Graph Problems'],https://arxiv.org/pdf/quant-ph/0401091,10.1137/050644719,Quantum algorithm,
Minimum Spanning Tree (Mst),"Undirected, General MST",Heiligman,2003,4.8,O(n^(7/4)),,,,1.0,,,,Quantum Computing,['Mark Heiligman'],['Quantum Algorithms for Lowest Weight Paths and Spanning Trees in Complete Graphs'],https://arxiv.org/pdf/quant-ph/0303131,10.48550/arXiv.quant-ph/0303131,Quantum algorithm,
Minimum Spanning Tree (Mst),"Undirected, General MST (Quantum Walks)","Luiz, Fanchini, de Albuquerque, Papa, de Oliviera",2025,5.0,O(n^2),,2.0,O(log(n)),1.0,,,,Quantum Computing,"['Fabricio Souza Luiz', 'Felipe Fanchini', 'Victor Hugo de Albuquerque', 'João Paulo Papa', 'Marcos de Oliviera'","['A Quantum Walk-Driven Algorithm for the Minimum Spanning Tree Problem under
a Maximal Degree Constraint']",https://arxiv.org/pdf/2508.07007,10.48550/arXiv.2508.07007,Quantum algorithm,
Minimum Spanning Tree (Mst),"Undirect, Verification",Heiligman,2011,3.0,O(n + sqrt(m) * log(n)),,,,1.0,,,,Quantum Computing,['Mark Heiligman'],['Quantum Verification of Minimum Spanning Tree'],https://arxiv.org/pdf/1112.1139,10.48550/arXiv.1112.1139,Quantum algorithm,
Shortest-Path (Directed Graphs),General Weights (Adjacency List Model),Furrow 1,2006,4.5,O(n^(3/2)*m^(1/2)*sqrt(log(n)),,,,1.0,,,,Quantum Computing,['Bartholomew Furrow'],['A Panoply of Quantum Algorithms'],https://arxiv.org/pdf/quant-ph/0606127,10.48550/arXiv.quant-ph/0606127,Quantum algorithm,This algorithm is heavily based on Bellman-Ford algorithm
Shortest-Path (Directed Graphs),General Weights (Adjacency Matrix Model),Furrow 1,2006,5.5,O(n^(5/2)*sqrt(log(n)),,,,1.0,,,,Quantum Computing,['Bartholomew Furrow'],['A Panoply of Quantum Algorithms'],https://arxiv.org/pdf/quant-ph/0606127,10.48550/arXiv.quant-ph/0606127,Quantum algorithm,This algorithm is heavily based on Bellman-Ford algorithm
Shortest-Path (Directed Graphs),Nonnegative Weights,Heiligman 2,2003,4.8,O(n^(7/4)),,,,1.0,,,,Quantum Computing,['Mark Heiligman'],['Quantum Algorithms for Lowest Weight Paths and Spanning Trees in Complete Graphs'],https://arxiv.org/pdf/quant-ph/0303131,10.48550/arXiv.quant-ph/0303131,Quantum algorithm,This is a quantum computing version of Dijkstra's algorithm
Shortest-Path (Directed Graphs),Nonnegative Weights (Adjacency List Model),"Dürr, Heiligman, Høyer, Mhalla 1",2004,2.9,O(sqrt(n*m)*log^2(n)),,2.0,O(log(n)),1.0,,,,Quantum Computing,"['Christoph Dürr', 'Mark Heiligman', 'Peter Høyer', 'Mehdi Mhalla']",['Quantum Query Complexity of Some Graph Problems'],https://arxiv.org/pdf/quant-ph/0401091,10.1137/050644719,Quantum algorithm,This algorithm is based on Heiligman's algorithm (2003). It achieves a speedup via improving the efficiency of the update step in Heiligman's.
Shortest-Path (Directed Graphs),Nonnegative Weights (Adjacency Matrix Model),"Dürr, Heiligman, Høyer, Mhalla 1",2004,4.6,O(n^(3/2)*log^2(n)),,2.0,O(log(n)),1.0,,,,Quantum Computing,"['Christoph Dürr', 'Mark Heiligman', 'Peter Høyer', 'Mehdi Mhalla']",['Quantum Query Complexity of Some Graph Problems'],https://arxiv.org/pdf/quant-ph/0401091,10.1137/050644719,Quantum algorithm,This algorithm is based on Heiligman's algorithm (2003). It achieves a speedup via improving the efficiency of the update step in Heiligman's.
Shortest-Path (Directed Graphs),Nonnegative Weights (Adjacency List Model),Furrow 2,2006,2.8,O(sqrt(n*m)*log(n)),,2.0,O(log(n)),1.0,,,,Quantum Computing,['Bartholomew Furrow'],['A Panoply of Quantum Algorithms'],https://arxiv.org/pdf/quant-ph/0606127,10.48550/arXiv.quant-ph/0606127,Quantum algorithm,"This algorithm is the same as Dürr et al. (2004), with the only difference being changing one step to apply a new search subroutine, thus giving the speedup"
Shortest-Path (Directed Graphs),Nonnegative Weights (Adjacency Matrix Model),Furrow 2,2006,4.5,O(n^(3/2)*log(n)),,2.0,O(log(n)),1.0,,,,Quantum Computing,['Bartholomew Furrow'],['A Panoply of Quantum Algorithms'],https://arxiv.org/pdf/quant-ph/0606127,10.48550/arXiv.quant-ph/0606127,Quantum algorithm,"This algorithm is the same as Dürr et al. (2004), with the only difference being changing one step to apply a new search subroutine, thus giving the speedup"
Shortest-Path (Directed Graphs),Directed Acyclic Graphs (Adjacency List Model),"Khadiev, Safina",2019,3.4,O(sqrt(n*m)*log(n)),,,,1.0,,,,Quantum Computing,"['Kamil Khadiev', 'Liliya Safina']","['Quantum Algorithm for Shortest Path Search
in Directed Acyclic Graph']",https://link.springer.com/content/pdf/10.3103/S0278641919010023.pdf,10.3103/S0278641919010023,Quantum algorithm,
Shortest-Path (Directed Graphs),Directed Acyclic Graphs (Adjacency Matrix Model),"Khadiev, Safina",2019,4.4,O(n^(3/2)*log(n)),,,,1.0,,,,Quantum Computing,"['Kamil Khadiev', 'Liliya Safina']","['Quantum Algorithm for Shortest Path Search
in Directed Acyclic Graph']",https://link.springer.com/content/pdf/10.3103/S0278641919010023.pdf,10.3103/S0278641919010023,Quantum algorithm,
All-Pairs Shortest Paths,APSP (Adjacency List Model),Furrow 3,2006,5.3,O(sqrt(n^3*m)*log(n) + n^2*log^3(n)),,,,1.0,,,,Quantum Computing,['Bartholomew Furrow'],['A Panoply of Quantum Algorithms'],https://arxiv.org/pdf/quant-ph/0606127,10.48550/arXiv.quant-ph/0606127,Quantum algorithm,
All-Pairs Shortest Paths,APSP (Adjacency Matrix Model),Furrow 3,2006,5.6,O(n^(5/2)*log(n)),,,,1.0,,,,Quantum Computing,['Bartholomew Furrow'],['A Panoply of Quantum Algorithms'],https://arxiv.org/pdf/quant-ph/0606127,10.48550/arXiv.quant-ph/0606127,Quantum algorithm,
All-Pairs Shortest Paths,APSP on Geometrically Weighted Graphs,"Nayebi, Williams",2014,5.4,O(n^(5/2 - ε)),,,,1.0,,,,Quantum Computing,"['Aran Nayebi', 'Virginia Vassilevska Williams']",['Quantum algorithms for shortest paths problems in structured instances'],https://arxiv.org/pdf/1410.6220,10.48550/arXiv.1410.6220,Quantum algorithm,
All-Pairs Shortest Paths,APSP on Dense Undirected Graphs with Positive Integer Weights,"Nayebi, Williams",2014,5.4,O(n^(5/2 - ε)),,,,1.0,,,,Quantum Computing,"['Aran Nayebi', 'Virginia Vassilevska Williams']",['Quantum algorithms for shortest paths problems in structured instances'],https://arxiv.org/pdf/1410.6220,10.48550/arXiv.1410.6220,Quantum algorithm,
All-Pairs Shortest Paths,APSP on Sparse Directed Graphs with Arbitrary Weights,Prasad,2025,5.5,O(n^5/2 + m),,,,1.0,,,,Quantum Computing,['Yalla Jnan Devi Satya Prasad'],"['Q-Johnson: Quantum-Accelerated Johnson’s
Algorithm for All-Pairs Shortest Paths']",https://d197for5662m48.cloudfront.net/documents/publicationstatus/284528/preprint_pdf/a48b70b13b3681ae0f55108809505ac1.pdf,10.36227/techrxiv.176049726.67142514/v1,Quantum algorithm,
Graph Triangle Problems,Triangle Detection,"Buhrman, Dürr, Heiligman, Høyer, Magniez, Santha, De Wolf",2000,3.5,O(n + sqrt(n*m)),,,,1.0,,,,Quantum Computing,"['Harry Buhrman', 'Christoph Durr', 'Mark Heiligman', 'Peter Høyer', 'Frederic Magniez', 'Miklos Santha', 'Ronald de Wolf']",['Quantum Algorithms for Element Distinctness'],https://arxiv.org/pdf/quant-ph/0007016,10.48550/arXiv.quant-ph/0007016,Quantum algorithm,
Graph Triangle Problems,Triangle Detection,"Magniez, Santha, Szegedy 1",2005,4.4,O(n^(10/7)*poly(log(n))),,2.0,O(log(n)),1.0,,,,Quantum Computing,"['Frederic Magniez', 'Miklos Santha', 'Mario Szegedy']",['Quantum Algorithms for the Triangle Problem'],https://arxiv.org/pdf/quant-ph/0310134,10.48550/arXiv.quant-ph/0310134,Quantum algorithm,
Graph Triangle Problems,Triangle Detection,"Magniez, Santha, Szegedy 2",2005,4.3,O(n^(13/10)*poly(log(n))),,3.0,O(n),1.0,,,,Quantum Computing,"['Frederic Magniez', 'Miklos Santha', 'Mario Szegedy']",['Quantum Algorithms for the Triangle Problem'],https://arxiv.org/pdf/quant-ph/0310134,10.48550/arXiv.quant-ph/0310134,Quantum algorithm,
Graph Cycles,Cycle Finding,"Cade, Montanaro, Belovs",2016,4.5,Õ(n^(3/2)),,2.0,O(log(n)),1.0,,,,Quantum Computing,"['Chris Cade', 'Ashley Montanaro', 'Aleksandrs Belovs']",['Time and Space Efficient Quantum Algorithms for Detecting Cycles and Testing Bipartiteness'],https://arxiv.org/pdf/1610.00581.pdf,10.48550/arXiv.1610.00581,Quantum algorithm,
Sorting,Sorting,"Farhi, Goldstone, Gutmann, Sipser",1999,4.0,O(n*log(n)),,,,1.0,,,,Quantum Computing,"['Edward Farhi', 'Jeffrey Goldstone', 'Sam Gutmann', 'Michael Sipser']",['Invariant Quantum Algorithms for Insertion into an Ordered List'],https://arxiv.org/pdf/quant-ph/9901059,10.48550/arXiv.quant-ph/9901059,Quantum algorithm,This algorithm is insertion sort with a ordered search quantum subroutine (time complexity is given in the query model)
Sorting,Sorting,"Høyer, Neerbek, Shi",2002,4.0,O(n*log(n)),,,,1.0,,,,Quantum Computing,"['Peter Høyer', 'Jan Neerbek', 'Yaoyun Shi']","['Quantum Complexities of Ordered Searching, Sorting, and Element Distinctness']",https://link.springer.com/article/10.1007/s00453-002-0976-3,10.1007/s00453-002-0976-3,Quantum algorithm,This algorithm is insertion sort with a ordered search quantum subroutine (time complexity is given in the query model)
Sorting,Sorting,Jacokes,2007,4.0,O(n*log(n)),,,,1.0,,,,Quantum Computing,['Brian Jacokes'],['An Improved Quantum Algorithm for Searching an Ordered List'],https://web.mit.edu/rsi/www/pdfs/papers/2003/2003-brianj.pdf,,Quantum algorithm,This algorithm is insertion sort with a ordered search quantum subroutine (time complexity is given in the query model)
Sorting,Sorting,"Childs, Landahl, Parrilo",2006,4.0,O(n*log(n)),,,,1.0,,,,Quantum Computing,"['Andrew M. Childs', 'Andrew J. Landahl', 'Pablo A. Parrilo']",['Improved quantum algorithms for the ordered search problem via semidefinite programming'],https://arxiv.org/pdf/quant-ph/0608161,10.48550/arXiv.quant-ph/0608161,Quantum algorithm,This algorithm is insertion sort with a ordered search quantum subroutine (time complexity is given in the query model)
Sorting,Sorting,"Ben-Or, Hassidim",2008,4.0,,,,,1.0,,,1.0,Quantum Computing,"['Michael Ben-Or', 'Avinatan Hassidim']",['The Bayesian Learner is Optimal for Noisy Binary Search (and Pretty Good for Quantum as Well)'],https://ieeexplore.ieee.org/stamp/stamp.jsp?tp=&arnumber=4690956,10.1109/FOCS.2008.58,Quantum algorithm,This algorithm is insertion sort with a ordered search quantum subroutine (time complexity is given in the query model)
Sorting,Sorting,Quantum Merge Sort,2006,4.0,O(n*log(n)),,,,1.0,,,,Quantum Computing,"['Sheng-Tzong Cheng', 'Chun-Yen Wang']",['Quantum switching and quantum merge sorting'],https://ieeexplore.ieee.org/stamp/stamp.jsp?tp=&arnumber=1593938,10.1109/TCSI.2005.856669,Quantum algorithm,
The Subset-Sum Problem,Subset Sum,Subset Sum Quantum Search,2009,8.0,O(2^(n/2)),,3.0,O(n),1.0,,,,Quantum Computing,"['Weng-Long Chang', 'Ting-Ting Ren', 'Mang Feng', 'Shu-Chien Huang', 'Kawuu Weicheng Lin', 'Minyi Guo', 'Lai Chin Lu']",['Quantum Algorithms of the Subset-Sum Problem on a Quantum Computer'],https://www.researchgate.net/publication/224581058_Quantum_Algorithms_of_the_Subset-Sum_Problem_on_a_Quantum_Computer,10.1109/ICIE.2009.15,Quantum algorithm,
The Subset-Sum Problem,Subset Sum,Subset Sum Quantum Search with a Modulus,2013,8.0,O(2^(3n/8)),,,,1.0,,,,Quantum Computing,"['Daniel J. Bernstein', 'Stacey Jeffery', 'Tanja Lange', 'Alexander Meurer ']",['Quantum Algorithms for the Subset-Sum Problem'],https://link.springer.com/chapter/10.1007/978-3-642-38616-9_2,10.1007/978-3-642-38616-9_2,Quantum algorithm,
The Subset-Sum Problem,Subset Sum,Subset Sum Quantum Left-Right Split,2013,8.0,O(2^(n/3)),,8.0,O(2^(n/3)),1.0,,,,Quantum Computing,"['Daniel J. Bernstein', 'Stacey Jeffery', 'Tanja Lange', 'Alexander Meurer ']",['Quantum Algorithms for the Subset-Sum Problem'],https://link.springer.com/chapter/10.1007/978-3-642-38616-9_2,10.1007/978-3-642-38616-9_2,Quantum algorithm,
The Subset-Sum Problem,Subset Sum,Subset Sum Quantum Walk,2013,8.0,O(2^(n/3)),,,,1.0,,,,Quantum Computing,"['Daniel J. Bernstein', 'Stacey Jeffery', 'Tanja Lange', 'Alexander Meurer ']",['Quantum Algorithms for the Subset-Sum Problem'],https://link.springer.com/chapter/10.1007/978-3-642-38616-9_2,10.1007/978-3-642-38616-9_2,Quantum algorithm,
The Subset-Sum Problem,Subset Sum,Subset Sum Quantum Walk with a Modulus,2013,8.0,O(2^(0.3*n)),,,,1.0,,,,Quantum Computing,"['Daniel J. Bernstein', 'Stacey Jeffery', 'Tanja Lange', 'Alexander Meurer ']",['Quantum Algorithms for the Subset-Sum Problem'],https://link.springer.com/chapter/10.1007/978-3-642-38616-9_2,10.1007/978-3-642-38616-9_2,Quantum algorithm,
The Subset-Sum Problem,Subset Sum,Subset Sum Quantum Walk with Moduli and Representations,2013,8.0,O(2^(0.241*n)),,,,1.0,,,,Quantum Computing,"['Daniel J. Bernstein', 'Stacey Jeffery', 'Tanja Lange', 'Alexander Meurer ']",['Quantum Algorithms for the Subset-Sum Problem'],https://link.springer.com/chapter/10.1007/978-3-642-38616-9_2,10.1007/978-3-642-38616-9_2,Quantum algorithm,
The Subset-Sum Problem,Subset Sum,Quantum Asymetric Howgrave-Graham-Joux,2020,8.0,O(2^(0.236*n)),,8.0,O(2^(0.236*n)),1.0,,,,Quantum Computing,"['Xavier Bonnetain', 'Rémi Bricout', 'André Schrottenloher', 'Yixin Shen']",['Improved Classical and Quantum Algorithms for Subset-Sum'],https://arxiv.org/pdf/2002.05276v2,10.48550/arXiv.2002.05276,Quantum algorithm,
The Subset-Sum Problem,Subset Sum,"Bonnetain, Bricout,  Schrottenloher, Shen 2",2020,8.0,O(2^(0.218*n)),,,,1.0,,,,Quantum Computing,"['Xavier Bonnetain', 'Rémi Bricout', 'André Schrottenloher', 'Yixin Shen']",['Improved Classical and Quantum Algorithms for Subset-Sum'],https://arxiv.org/pdf/2002.05276v2,10.48550/arXiv.2002.05276,Quantum algorithm,This algorithm is slightly slower than the previous algorithm but doesn't need the heuristic formalized by Helm-May
Convex Hull,2-dimensional Convex Hull,,2021,,,,,,0.0,,,,,"['Cheng Wang', 'Ri-Gui Zhou']",['A quantum search algorithm of two-dimensional convex hull'],https://iopscience.iop.org/article/10.1088/1572-9494/ac1da0,10.1088/1572-9494/ac1da0,Quantum algorithm,
Convex Hull,2-dimensional Convex Hull,,2004,2.5,O(N^(1/2) h),,2.0,O(log N),1.0,,,,Quantum Computing,"['Marco Lanzagorta', 'Jeffrey K. Uhlmann']",['Quantum computational geometry'],https://www.spiedigitallibrary.org/conference-proceedings-of-spie/5436/1/Quantum-computational-geometry/10.1117/12.541624.full,10.1117/12.541624,Quantum Algorithm,
Convex Hull,2-dimensional Convex Hull,,2009,,,,,,0.0,,,,,"['Marco Lanzagorta', 'Jeffrey K. Uhlmann']",['Quantum algorithmic methods for computational geometry'],https://www.proquest.com/docview/763607623?fromopenview=true&pq-origsite=gscholar&sourcetype=Scholarly%20Journals,10.1017/S0960129510000411,Quantum Algorithm,
Geometric Incidence Problems,Point on 3 lines,,2020,,,,,,0.0,,,,,"['Andris Ambainis', 'Nikita Larka']",['Quantum algorithms for computational geometry problems'],https://arxiv.org/pdf/2004.08949,10.48550/arXiv.2004.08949,Quantum Algorithm,
Key Distribution,Quantum Key Distribution,BB84,1984,,,,,,,,,,,"['Charles H. Bennett', 'Gilles Brassard']",['Quantum cryptography: Public key distribution and coin tossing'],https://arxiv.org/pdf/2003.06557,10.48550/arXiv.2003.06557,Quantum Algorithm,"Original protocol for QKD, uses photon polarization"
Key Distribution,Quantum Key Distribution,E91,1991,,,,,,,,,,,['Artur K. Ekert'],['Quantum cryptography based on Bell’s theorem'],https://journals.aps.org/prl/abstract/10.1103/PhysRevLett.67.661,10.1103/PhysRevLett.67.661,Quantum Algorithm,"Scheme dependent on Bell's Theorem, uses entangled photons"
Key Distribution,Quantum Key Distribution,BBM92,1992,,,,,,,,,,,"['Charles H. Bennett', 'Gilles Brassard', 'N. David Mermin']",['Quantum cryptography without Bell’s theorem'],https://journals.aps.org/prl/abstract/10.1103/PhysRevLett.68.557,10.1103/PhysRevLett.68.557,Quantum Algorithm,"Scheme that does not depend on Bell's Theorem, uses decoy states"
Key Distribution,Quantum Key Distribution,B92,1992,,,,,,,,,,,['Charles H. Bennett'],['Quantum cryptography using any two nonorthogonal states'],https://journals.aps.org/prl/abstract/10.1103/PhysRevLett.68.3121,10.1103/PhysRevLett.68.3121,Quantum Algorithm,"Simplification of BB84, using two orthogonal states instead of four"
Key Distribution,Quantum Key Distribution,MSZ96,1996,,,,,,,,,,,"['Yi Mu', 'Jennifer Seberry', 'Yuliang Zheng']",['Shared cryptographic bits via quantized quadrature phase amplitudes of light'],https://www.sciencedirect.com/science/article/abs/pii/0030401895006885,10.1016/0030-4018(95)00688-5,Quantum Algorithm,"Scheme implemented without photon polarization or entanglement, using four nonorthogonal states"
Key Distribution,Quantum Key Distribution,SSP,1998,,,,,,,,,,,['Dagmar Bruss'],['Optimal Eavesdropping in Quantum Cryptography with Six States'],https://arxiv.org/abs/quant-ph/9805019,10.48550/arXiv.quant-ph/9805019,Quantum Algorithm,Modification on BB84 with three orthogonal state bases
Key Distribution,Quantum Key Distribution,DPS,2002,,,,,,,,,,,"['Kyo Inoue', 'Edo Waks', 'Yoshihisa Yamamoto']",['Differential Phase Shift Quantum Key Distribution'],https://journals.aps.org/prl/abstract/10.1103/PhysRevLett.89.037902,10.1103/PhysRevLett.89.037902,Quantum Algorithm,Does not require a basis selection process and uses fewer receivers
Key Distribution,Quantum Key Distribution,Decoy State,2003,,,,,,,,,,,"['Hoi-Kwong Lo', 'Xiongfeng Ma', 'Kai Chen']",['Decoy State Quantum Key Distribution'],https://arxiv.org/abs/quant-ph/0411004,10.48550/arXiv.quant-ph/0411004,Quantum Algorithm,Higher secure transmission rates and longer channel lengths than BB84
Key Distribution,Quantum Key Distribution,SARG04,2004,,,,,,,,,,,"['Valerio Scarani', 'Antonio Acin', 'Gregoire Ribordy', 'Nicolas Gisin']",['Quantum cryptography protocols robust against photon number splitting attacks for weak laser pulses implementations'],https://arxiv.org/abs/quant-ph/0211131,10.48550/arXiv.quant-ph/0211131,Quantum Algorithm,Modification on BB84 to make it more robust against photon-number-splitting-attacks
Key Distribution,Quantum Key Distribution,COW,2005,,,,,,,,,,,"['Damien Stucki', 'Nicolas Brunner', 'Nicolas Gisin', 'Valerio Scarani', 'Hugo Zbinden']",['Fast and simple one-way quantum key distribution'],https://pubs.aip.org/aip/apl/article/87/19/194108/329947/Fast-and-simple-one-way-quantum-key-distribution,10.1063/1.2126792,Quantum Algorithm,"High information transfer rate, only requires a random number generator on client side"
Key Distribution,Quantum Key Distribution,Three-Stage,2006,,,,,,,,,,,['Subhash Kak'],['A Three-Stage Quantum Cryptography Protocol'],https://arxiv.org/abs/quant-ph/0503027,10.48550/arXiv.quant-ph/0503027,Quantum Algorithm,"Continuous quantum communication, as opposed to using quantum properties to generate a classical key"
Key Distribution,Quantum Key Distribution,KBM09,2009,,,,,,,,,,,"['Muhammad Mubashir Khan', 'Michael Murphy', 'Almut Beige']",['High error-rate quantum key distribution for long-distance communication'],https://arxiv.org/abs/0901.3909,10.48550/arXiv.0901.3909,Quantum Algorithm,Increased transmission distances
Key Distribution,Quantum Key Distribution,T12,2013,,,,,,,,,,,"['M. Lucamarini', 'K. A. Patel', 'J. F. Dynes', 'B. Frohlich', 'A. W. Sharpe', 'A. R. Dixon', 'Z. L. Yuan', 'R. V. Penty', 'A. J. Shields']",['Efficient decoy-state quantum key distribution with quantified security'],https://arxiv.org/pdf/1310.0240,10.48550/arXiv.1310.0240,Quantum Algorithm,Increased key rate
Multiplication,Multiplication,Karatsuba,2015,4.5,Toffolli Gates: O(n^(log2(3)),,4.5,O(n^(log2(3)),1.0,,,,Quantum Computer,"Kepley, S., Steinwandt, R.",Quantum circuits for -multiplication with subquadratic gate count.,https://link.springer.com/article/10.1007/s11128-015-0993-1,https://doi.org/10.1007/s11128-015-0993-1,Quantum Algorithm,
Multiplication,Multiplication,Karatsuba,2023,1.0,Tofoli Depth: 1,,,,1.0,,,,Quantum Computer,"Jang K, Kim W, Lim S, Kang Y, Yang Y, Seo H.",Quantum Binary Field Multiplication with Optimized Toffoli Depth and Extension to Quantum Inversion.,https://pubmed.ncbi.nlm.nih.gov/36991867/,10.3390/s23063156.,Quantum Algorithm,
Multiplication,Multiplication,Karatsuba,2020,4.5,"Toffoli Gates: O(n^(log2(3)), CNOT Gates: O(n^2)",,3.0,O(n),1.0,,,,Quantum Computer,Iggy van Hoof,Space-efficient quantum multiplication of polynomials for binary finite fields with sub-quadratic Toffoli gate count,https://arxiv.org/pdf/1910.02849,https://doi.org/10.48550/arXiv.1910.02849,Quantum Algorithm,
Multiplication,Multiplication,Karatsuba,2017,4.5,Toffolli Gates: O(n^(log2(3)),,4.5,O(n^1.158),1.0,,,,Quantum Computer,"Alex Parent1 , Martin Roetteler2 , and Michele Mosca3",Improved reversible and quantum circuits for Karatsuba-based integer multiplication,https://arxiv.org/pdf/1706.03419,https://doi.org/10.48550/arXiv.1706.03419,Quantum Algorithm,
Multiplication,Multiplication,Wallace Tree,2025,,,,,,1.0,,,,Quantum Computer,"Hyunjun Kim1 , Sejin Lim1 , Kyungbae Jang1,2 , Siyi Wang2 , Anubhab Baksi3 , Anupam Chattopadhyay2 , and Hwajeong Seo1⋆",Tree-based Quantum Carry-Save Adder,https://eprint.iacr.org/2025/626.pdf,,Quantum Algorithm,
Multiplication,Multiplication,Wallace Tree,2021,,,,,,1.0,,,,Quantum Computer,"Gayathri, S.S.; Kumar, R.; Dhanalakshmi, S.; Dooly, G.; Duraibabu, D.B.","T-Count Optimized
Quantum Circuit Designs for
Single-Precision Floating-Point
Division.",https://www.mdpi.com/2079-9292/10/6/703,https://doi.org/10.3390/electronics10060703,Quantum Algorithm,
Multiplication,Multiplication,Schönhage-Strassen,2023,2.0,Circuit Depth: O(log^2(n)),,4.0,O(n log n log log n),1.0,,,,Quantum Computer,"Nie, Junhong & Zhu, Qinlin & Li, Meng & Sun, Xiaoming.",Quantum Circuit Design for Integer Multiplication Based on Schönhage–Strassen Algorithm.,https://www.researchgate.net/publication/371194851_Quantum_circuit_design_for_integer_multiplication_based_on_Schonhage-Strassen_algorithm,https://doi.org/10.1109/TCAD.2023.3279300,Quantum Algorithm,
Multiplication,Multiplication,Windowed,2019,5.0,Toffoli Count: O(n^2 / logn),,,,1.0,,,,Quantum Computer,Craig Gidney,Windowed quantum arithmetic,https://arxiv.org/pdf/1905.07682,https://doi.org/10.48550/arXiv.1905.07682,Quantum Algorithm,
Multiplication,Multiplication,Schoolbook,2004,2.0,Circuit Depth: O(log(n)),,3.0,O(n),1.0,,,,Quantum Computer,"Draper, Thomas & Kutin, Samuel & Rains, Eric & Svore, Krysta",A logarithmic-depth quantum carry-lookahead adder,https://www.researchgate.net/publication/2193063_A_logarithmic-depth_quantum_carry-lookahead_adder,https://doi.org/10.26421/QIC6.4-5-4,Quantum Algorithm,
Multiplication,Multiplication,Toom-Cook 2.5,2018,4.5,Toffli Depth: O(n^1.143),,4.5,O(n^1.404),1.0,,,,Quantum Computer,"Srijit Dutta,1 Debjyoti Bhattacharjee,2,* and Anupam Chattopadhyay2",Quantum circuits for Toom-Cook multiplication,https://journals.aps.org/pra/pdf/10.1103/PhysRevA.98.012311,: 10.1103/PhysRevA.98.012311,Quantum Algorithm,
Multiplication,Multiplication,Toom-Cook 3,2021,4.5,Toffli Depth: O(n^1.143),,4.5,O(n^1.259),,,,,Quantum Computer,"Larasati, H.T.; Awaludin, A.M.; Ji, J.; Kim, H.",Quantum Circuit Design of Toom 3-Way Multiplication,https://www.mdpi.com/2076-3417/11/9/3752,https://doi.org/10.3390/app11093752,Quantum Algorithm,
Multiplication,Multiplication,Toom-Cook 8,2023,4.0,Toffoli Depth: O(n^1.10569),,4.5,O(n^1.245),,,,,Quantum Computer,"Putranto, Dedy & Wardhani, Rini & Larasati, Harashta & Kim, Howon",Space and Time-Efficient Quantum Multiplier in Post Quantum Cryptography Era,https://www.researchgate.net/publication/369004400_Space_and_Time-Efficient_Quantum_Multiplier_in_Post_Quantum_Cryptography_Era,https://doi.org/10.1109/ACCESS.2023.3252504,Quantum Algorithm,
Multiplication,Multiplication,Shift-and-Add,2016,5.0,n^2,,3.0,"O(4n+1), Ancillae O(2n+1)",1.0,,,,Quantum Computer,"H. V. Jayashree, Himanshu Thapliyal, Hamid R. Arabnia, V. K.",Ancilla-input and garbage-output optimized design of a reversible quantum integer multiplier,https://dl.acm.org/doi/10.1007/s11227-016-1676-0,https://doi.org/10.1007/s11227-016-1676-0,Quantum Algorithm,
Multiplication,Multiplication,Shift-and-Add,2018,5.0,n^2,,3.0,"O(4n+1), Ancillae O(2n+1)",1.0,,,,Quantum Computer,E. Muñoz-Coreas and H. Thapliyal,Quantum Circuit Design of a T-count Optimized Integer Multiplier,https://ieeexplore.ieee.org/document/8543237,doi: 10.1109/TC.2018.2882774.,Quantum Algorithm,
Multiplication,Multiplication,Zero Ancillas,2024,4.5,O(n^(log_k 2)),,,,1.0,,,,Quantum Computer,"['Gregory D. Kahanamoku-Meyer', 'Norman Y. Yao']",Fast quantum integer multiplication with zero ancillas,https://arxiv.org/pdf/2403.18006,10.48550/arXiv.2403.18006,Quantum Algorithm,
Multiplication,Multiplication,,2023,2.8,O(sqrt(n) log^2 (n)),,,,1.0,,,,,"['Mehdi Ramezani', 'Morteza Nikaeen', 'Farnaz Farman', 'Seyed Mahmoud Ashrafi', 'Alireza Bahrampour']",Quantum Multiplication Algorithm Based on the Convolution Theorem,https://arxiv.org/abs/2306.08473,10.48550/arXiv.2306.08473,Quantum Algorithm,
Multiplication,Multiplication,,2025,3.1,O(m^(log_2 (3)),,,,1.0,,,,,"['Noureldin Yosri', 'Dmytro Gavinsky', 'Dmitri Maslov']",Asymptotic yet practical optimization of quantum circuits implementing GF(2m) multiplication and division operations,https://arxiv.org/abs/2511.20618,10.48550/arXiv.2511.20618,Quantum Algorithm,
Multiplication,Multiplication,,2025,3.1,O(n^log_2 (3)),,4.0,O(n log n),1.0,,,,,['Vivien Vandaele'],Quantum binary field multiplication with subquadratic Toffoli gate count and low space-time cost,https://arxiv.org/abs/2501.16136,10.48550/arXiv.2501.16136,Quantum Algorithm,
Dft,Dft,QFT or AQFT,2000,2.0,O(log(n)),,4.0,O(n(logn)^2 log log n),1.0,,,,,"Richard Cleve, John Watrous (University of Calgary)",Fast parallel circuits for the quantum Fourier transform,https://arxiv.org/abs/quant-ph/0006004,https://doi.org/10.48550/arXiv.quant-ph/0006004,Quantum Algorithm,
Dft,Dft,QFT or AQFT,2000,4.0,O(n log (n)),,,,1.0,,,,,L. Hales and S. Hallgren,An improved quantum Fourier transform algorithm and applications,https://ieeexplore.ieee.org/document/892139,doi: 10.1109/SFCS.2000.892139,Quantum Algorithm,
Dft,Dft,QFT or AQFT,2019,4.0,T Count: O(n log (n)),,,,1.0,,,,,"Yunseong Nam, Yuan Su, Dmitri Maslov",Approximate Quantum Fourier Transform with O(nlog(n)) T gates,https://arxiv.org/abs/1803.04933,https://doi.org/10.48550/arXiv.1803.04933,Quantum Algorithm,
Dft,Dft,QFT or AQFT,2024,4.0,"(Circuit 1 -- T Count: O(nlog(n)), T Depth: O(n log(n))) (Circuit 2 -- T Depth: O(n log log n), T Count: O(nlog(n))",,,,1.0,,,,,"Byeongyong Park, Doyeol Ahn (David)",T-count optimization of approximate quantum Fourier transform,https://arxiv.org/abs/2203.07739,https://doi.org/10.48550/arXiv.2203.07739,Quantum Algorithm,
Dft,Dft,QFT or AQFT,2007,3.0,Depth: O(n),,,Ancilla: 0,1.0,,,,,D. Maslov,Linear Depth Stabilizer and Quantum Fourier Transformation Circuits with no Auxiliary Qubits in Finite Neighbor Quantum Architectures,https://arxiv.org/abs/quant-ph/0703211,https://doi.org/10.48550/arXiv.quant-ph/0703211,Quantum Algorithm,
Dft,Dft,QFT or AQFT,2007,3.0,Depth: O(n),,4.0,O(n log (n)),1.0,,,,,"Takahashi, Yasuhiro & Kunihiro, Noboru & Ohta, Kazuo",The quantum Fourier transform on a linear nearest neighbor architecture,https://www.researchgate.net/publication/220436036_The_quantum_Fourier_transform_on_a_linear_nearest_neighbor_architecture,https://doi.org/10.26421/QIC7.4-7,Quantum Algorithm,
Nash Equilbrium,Nash Equilbrium,,2025,,,,,,1.0,,,,,"Tongyang Li, Xinzhao Wang, Yexin Zhang",Near-Optimal Quantum Algorithms for Computing (Coarse) Correlated Equilibria of General-Sum Games,https://arxiv.org/pdf/2510.16782,https://doi.org/10.48550/arXiv.2510.16782,Quantum Algorithm,
Nash Equilbrium,Nash Equilbrium,,2019,,,,,,1.0,,,,,"Joran van Apeldoorn, András Gilyén",Quantum algorithms for zero-sum games,https://arxiv.org/pdf/1904.03180,https://doi.org/10.48550/arXiv.1904.03180,Quantum Algorithm,
Nash Equilbrium,Nash Equilbrium,,2019,,,,,,1.0,,,,,"Tongyang Li, Shouvanik Chakrabarti, Xiaodi Wu",Sublinear quantum algorithms for training linear and kernel-based classifiers,https://arxiv.org/pdf/1904.02276,https://doi.org/10.48550/arXiv.1904.02276,Quantum Algorithm,
Nash Equilbrium,Nash Equilbrium,,2024,,,,,,1.0,,,,,"Po-Wei Huang, Patrick Rebentrost",Quantum algorithm for large-scale market equilibrium computation,https://proceedings.neurips.cc/paper_files/paper/2024/file/14bc8528848d15d2d096127d0f64c1f9-Paper-Conference.pdf,https://doi.org/10.48550/arXiv.2405.13788,Quantum Algorithm,
Nash Equilbrium,Nash Equilbrium,,2023,,,,,,1.0,,,,,"Francisca Vasconcelos, Emmanouil-Vasileios Vlatakis-Gkaragkounis, Panayotis Mertikopoulos, Georgios Piliouras, Michael I. Jordan",A Quadratic Speedup in Finding Nash Equilibria of Quantum Zero-Sum Games,https://quantum-journal.org/papers/q-2025-05-06-1737/pdf/,https://doi.org/10.22331/q-2025-05-06-1737,Quantum Algorithm,
Lu Decomposition,Lu Decomposition,,2025,6.0,n^3,,,,1.0,,,,Quantum Computer,"['Sam Griffiths', 'Asmae Benhemou', 'Dan Browne']","['Online Gaussian elimination for quantum LDPC
decoding']",https://arxiv.org/pdf/2504.05080,,Quantum Algorithm,
Factorization Of Polynomials Over Finite Fields,Factorization Of Polynomials Over Finite Fields,Doliskani,2019,3.5,O(n^{4/3 + o(1)} log^{2 + o(1)} (q)),,,,,,,,,['Javad Doliskani'],['Toward an Optimal Quantum Algorithm for Polynomial Factorization over Finite Fields'],https://doliskani.net/jake/pdfs/quantum_poly_factor.pdf,10.48550/arXiv.1807.09675,Quantum Algorithm,
Nearest Neighbor,Nearest Neighbor,,1996,,,,,,,,,,,"Christoph Durr, Peter Hoyer",A quantum algorithm for finding the minimum,https://arxiv.org/pdf/quant-ph/9607014,,,
Nearest Neighbor,Nearest Neighbor,,2013,,,,,,,,,,,"Seth Lloyd, Masoud Mohseni, Patrick Rebentrost",Quantum algorithms for supervised and unsupervised machine learning,https://arxiv.org/pdf/1307.0411,,,
Nearest Neighbor,Nearest Neighbor,,2014,,,,,,,,,,,"Nathan Wiebe, Ashish Kapoor, Krysta M Svore",Quantum Algorithms for Nearest-Neighbor Methods for Supervised and Unsupervised Learning,https://arxiv.org/pdf/1401.2142,,,
Nearest Neighbor,Nearest Neighbor,,2013,,,,,,,,,,,"Esma Aimeur, Gilles Brassard, Sebastien Gambs",Quantum speed-up for unsupervised learning,https://link.springer.com/article/10.1007/s10994-012-5316-5,,,
Nearest Neighbor,Nearest Neighbor,,2018,,,,,,,,,,,"Iordanis Kerenidis, Jonas Landman, Alessandro Luongo, Anupam Prakash",q-means: A quantum algorithm for unsupervised machine learning,https://arxiv.org/pdf/1812.03584,,,
Nearest Neighbor,Nearest Neighbor,,2024,,,,,,,,,,,"Minbo Gao, Zhengfeng Ji, Qisheng Wang",Quantum Approximate k-Minimum Finding,https://arxiv.org/pdf/2412.16586,,,
Nearest Neighbor,Nearest Neighbor,,2025,,,,,,,,,,,"Shuyin Xia, Xiaojiang Tian, Suzhen Yuan, Jeremiah D. Deng",Efficient Quantum Approximate kNN Algorithm via Granular-Ball Computing,https://arxiv.org/pdf/2505.23066,,,
Nearest Neighbor,Nearest Neighbor,,2021,,,,,,,,,,,"Afrad Basheer, A. Afham, Sandeep K. Goyal",Quantum k nearest neighbors algorithm,https://arxiv.org/pdf/2003.09187,,,
Nearest Neighbor,Nearest Neighbor,,2023,,,,,,,,,,,"Congcong Feng, Bo Zhao, Xin Zhou, Xiaodong Ding, Zheng Shan",An Enhanced Quantum K-Nearest Neighbor Classification Algorithm Based on Polar Distance,https://www.mdpi.com/1099-4300/25/1/127,,,
Nearest Neighbor,Nearest Neighbor,,2022,,,,,,,,,,,"“Gao L-Z, Lu C-Y, Guo G-D, Zhang X and Lin S”",Quantum K-nearest neighbors classification algorithm based on Mahalanobis distance,https://www.frontiersin.org/journals/physics/articles/10.3389/fphy.2022.1047466/epub,,,
Nearest Neighbor,Nearest Neighbor,,2024,,,,,,,,,,,"Enrico Zardini, Enrico Blanzieri, Davide Pastorello",A quantum k-nearest neighbors algorithm based on the Euclidean distance estimation,https://link.springer.com/article/10.1007/s42484-024-00155-2,,,
Nearest Neighbor,Nearest Neighbor,,2022,,,,,,,,,,,"L. F. Quezada, Shi-Hai Dong, Guo-Hua Sun",Quantum version of the k-NN classifier based on a quantum sorting algorithm,https://arxiv.org/pdf/2204.03761,,,
Nearest Neighbor,Nearest Neighbor,,2017,,,,,,,,,,,"Yue Ruan, Xiling Xue, Heng Liu, Jianing Tan, Xi Li",Quantum Algorithm for K-Nearest Neighbors Classification Based on the Metric of Hamming Distance,https://link.springer.com/article/10.1007/s10773-017-3514-4,,,
Nearest Neighbor,Nearest Neighbor,,2021,,,,,,,,,,,"Jing Li, Song Lin, Kai Yu, Gongde Guo",Quantum K-nearest neighbor classification algorithm based on Hamming distance,https://arxiv.org/pdf/2103.04253,,,
Graph Isomorphism,Graph Isomorphism,,2023,7.0,O(N^7),N: number of vertices in graphs,,,1.0,,,,,"['Zhan Li', 'Yang Wang', 'Xiaogang Qiang']",A Graph Isomorphism Algorithm based on Continuous-Time Quantum Walks,https://ieeexplore.ieee.org/document/10336587,10.1109/CCPQT60491.2023.00010,,stated complexity given in terms of resources needed for a classical simulation of a CTQW. Possible improvement/quantum resource usage may be found by looking at CTQW implementations on quantum computers: https://arxiv.org/pdf/2212.08889
Maximum Cut,Maximum Cut,,2023,8.0,O(2^(n/2)),"n: number of vertices
m: number of edges",5.0,O(m^2),1.0,,,,,"['Weng-Long Chang', 'Renata Wong', 'Wen-Yu Chung', 'Yu-Hao Chen', 'Ju-Chin Chen', 'Athanasios V. Vasilakos']",Quantum Speedup for the Maximum Cut Problem,https://arxiv.org/abs/2305.16644,10.48550/arXiv.2305.16644,Quantum Algorithm,
Boolean Satisfiability,k-SAT,,2024,,,,,,,,,,,"['Yipei Zhang', 'Philippe Lewalle', 'K. Birgitta Whaley']",Solving k-SAT problems with generalized quantum measurement,https://arxiv.org/abs/2406.13611,10.48550/arXiv.2406.13611,Quantum Algorithm,
Boolean Satisfiability,3-SAT,,2017,,,,,,,,,,,"['Simon C. Benjamin', 'Liming Zhao', 'Joseph F. Fitzsimons']",Measurement-driven quantum computing: Performance of a 3-SAT solver,https://arxiv.org/pdf/1711.02687,10.48550/arXiv.1711.02687,Quantum Algorithm,
Boolean Satisfiability,2-SAT,,2016,,,,,,,,,,,"['Itai Arad', 'Miklos Santha', 'Aarthi Sundaram', 'Shengyu Zhang']",Linear time algorithm for quantum 2SAT,https://arxiv.org/pdf/1508.06340,10.48550/arXiv.1508.06340,Quantum Algorithm,
Boolean Satisfiability,2-SAT,,2015,,,,,,,,,,,"['Niel de Beaudrap', 'Sevag Gharibian']",A linear time algorithm for quantum 2SAT,https://arxiv.org/abs/1508.07338,10.48550/arXiv.1508.07338,Quantum Algorithm,
Boolean Satisfiability,k-SAT,,2023,,,,,,,,,,,"['Ashley Montanaro', 'Changpeng Shao', 'Dominic Verdon']",Testing quantum satisfiability,https://arxiv.org/abs/2301.10699,10.1007/s00220-025-05377-4,,
Boolean Satisfiability,k-SAT,,2024,,,,,,,,,,,"['Sami Boulebnane', 'Ashley Montanaro']",Solving Boolean Satisfiability Problems With The Quantum Approximate Optimization Algorithm,https://journals.aps.org/prxquantum/abstract/10.1103/PRXQuantum.5.030348,10.1103/PRXQuantum.5.030348,Quantum Approximate Optimization Algorithm,
Boolean Satisfiability,k-SAT,,2015,,,,,,,,,,,"['Christian Hermann', 'Martin Ziegler']",Computational Complexity of Quantum Satisﬁability,https://dl.acm.org/doi/epdf/10.1145/2869073,10.1145/2869073,Quantum Algorithm,
Eigenvalues (Iterative Methods),Any Eigenvalue,Variational Quantum Generalized Eigensolver (VQGE),2025,2.0,O(logn),,2.0,O(logn),1.0,,,,,"['Jiaxin Li', 'Zhaobing Fan', 'Hongmei Yao', 'Chunlin Yang', 'Shao-Ming Fei', 'Zi-Tong Zhou', 'Meng-Han Dou', 'Teng-Yang Ma']",Variational quantum algorithm for generalized eigenvalue problems of non-Hermitian systems',https://arxiv.org/abs/2507.04783,10.48550/arXiv.2507.04783,Quantum algorithm,
Eigenvalues (Iterative Methods),Any Eigenpair,Variational Quantum Generalized Eigensolver (VQGE),2025,2.0,O(logn),,2.0,O(logn),1.0,,,,,"['Jiaxin Li', 'Zhaobing Fan', 'Hongmei Yao', 'Chunlin Yang', 'Shao-Ming Fei', 'Zi-Tong Zhou', 'Meng-Han Dou', 'Teng-Yang Ma']",Variational quantum algorithm for generalized eigenvalue problems of non-Hermitian systems',https://arxiv.org/abs/2507.04783,10.48550/arXiv.2507.04783,Quantum algorithm,
Eigenvalues (Iterative Methods),Eigenpair with the Largest Eigenvalue,Quantum Power Method,2023,,O(logn * s^2 * k^2 / epsilon),,2.0,O(logn),1.0,,,1.0,,"['Nhat A. Nghiem', 'Tzu-Chieh Wei']",Quantum Algorithm For Estimating Eigenvalue,https://arxiv.org/abs/2211.06179,10.48550/arXiv.2211.06179,Quantum algorithm,
Eigenvalues (Iterative Methods),Symmetric Eigenvalue,Quantum Power Method,2023,,O(logn * s^2 * k^2 / epsilon),,2.0,O(logn),1.0,,,1.0,,"['Nhat A. Nghiem', 'Tzu-Chieh Wei']",Quantum Algorithm For Estimating Eigenvalue,https://arxiv.org/abs/2211.06179,10.48550/arXiv.2211.06179,Quantum algorithm,
The Traveling-Salesman Problem,Minimum TSP,,2025,,O(sqrt(2^(logd * N))),,3.0,O(n),1.0,,,,,"['Bai Xujun', 'Shang Yun']",Two-Step Quantum Search algorithm (TSQS) / Quantum Dynamic Programming,https://arxiv.org/abs/2502.08853,10.48550/arXiv.2502.08853,Quantum algorithm,Overcomes the O(n^2) qubit requirement
The Traveling-Salesman Problem,Approximate TSP,,2024,,,,1.0,O(1),1.0,1.0,,,,"['Kapil Goswami', 'Gagan Anekonda Veereshi', 'Peter Schmelcher', 'Rick Mukherjee']",Solving The Travelling Salesman Problem Using A Single Qubit,https://arxiv.org/abs/2407.17207,10.48550/arXiv.2407.17207,Quantum algorithm,"known to be polynomial speedup, but exact time complexity unknown"
Nearest Neighbor,Nearest Neighbor,,1996,,O(sqrt(N)),,,,,,,,Quantum Computing,"Christoph Durr, Peter Hoyer",A quantum algorithm for finding the minimum,https://arxiv.org/pdf/quant-ph/9607014,https://doi.org/10.48550/arXiv.quant-ph/9607014,,
Nearest Neighbor,Nearest Neighbor,,2013,,O(klog(kMN)),,,,,,,,Quantum Computing,"Seth Lloyd, Masoud Mohseni, Patrick Rebentrost",Quantum algorithms for supervised and unsupervised machine learning,https://arxiv.org/pdf/1307.0411,https://doi.org/10.48550/arXiv.1307.0411,,
Nearest Neighbor,Nearest Neighbor,,2014,,O( sqrt(M) * s^2 / epsilon^2 ),,,,,,,,Quantum Computing,"Nathan Wiebe, Ashish Kapoor, Krysta M Svore",Quantum Algorithms for Nearest-Neighbor Methods for Supervised and Unsupervised Learning,https://arxiv.org/pdf/1401.2142,https://doi.org/10.48550/arXiv.1401.2142,,
Nearest Neighbor,Nearest Neighbor,,2013,,,,,,,,,,Quantum Computing,"Esma Aimeur, Gilles Brassard, Sebastien Gambs",Quantum speed-up for unsupervised learning,https://link.springer.com/article/10.1007/s10994-012-5316-5,,,
Nearest Neighbor,Nearest Neighbor,,2018,,O~( (k d eta / delta^2) * kappa(V) * ( mu(V) + (k eta / delta) ) ; O~( k^2 d eta^2.5 / delta^3,,,,,,,,Quantum Computing,"Iordanis Kerenidis, Jonas Landman, Alessandro Luongo, Anupam Prakash",q-means: A quantum algorithm for unsupervised machine learning,https://arxiv.org/pdf/1812.03584,,,
Nearest Neighbor,Nearest Neighbor,,2024,,O~(sqrt(n*k)),,,,,,,,Quantum Computing,"Minbo Gao, Zhengfeng Ji, Qisheng Wang",Quantum Approximate k-Minimum Finding,https://arxiv.org/pdf/2412.16586,,,
Nearest Neighbor,Nearest Neighbor,,2025,,,,,,,,,,Quantum Computing,"Shuyin Xia, Xiaojiang Tian, Suzhen Yuan, Jeremiah D. Deng",Efficient Quantum Approximate kNN Algorithm via Granular-Ball Computing,https://arxiv.org/pdf/2505.23066,,,
Nearest Neighbor,Nearest Neighbor,,2021,,,,,,,,,,Quantum Computing,"Afrad Basheer, A. Afham, Sandeep K. Goyal",Quantum k nearest neighbors algorithm,https://arxiv.org/pdf/2003.09187,,,
Nearest Neighbor,Nearest Neighbor,,2023,,,,,,,,,,Quantum Computing,"Congcong Feng, Bo Zhao, Xin Zhou, Xiaodong Ding, Zheng Shan",An Enhanced Quantum K-Nearest Neighbor Classification Algorithm Based on Polar Distance,https://www.mdpi.com/1099-4300/25/1/127,,,
Nearest Neighbor,Nearest Neighbor,,2022,,,,,,,,,,Quantum Computing,"“Gao L-Z, Lu C-Y, Guo G-D, Zhang X and Lin S”",Quantum K-nearest neighbors classification algorithm based on Mahalanobis distance,https://www.frontiersin.org/journals/physics/articles/10.3389/fphy.2022.1047466/epub,,,
Nearest Neighbor,Nearest Neighbor,,2024,,,,,,,,,,Quantum Computing,"Enrico Zardini, Enrico Blanzieri, Davide Pastorello",A quantum k-nearest neighbors algorithm based on the Euclidean distance estimation,https://link.springer.com/article/10.1007/s42484-024-00155-2,,,
Nearest Neighbor,Nearest Neighbor,,2022,,,,,,,,,,Quantum Computing,"L. F. Quezada, Shi-Hai Dong, Guo-Hua Sun",Quantum version of the k-NN classifier based on a quantum sorting algorithm,https://arxiv.org/pdf/2204.03761,,,
Nearest Neighbor,Nearest Neighbor,,2017,,O(n^3),,,,,,,,Quantum Computing,"Yue Ruan, Xiling Xue, Heng Liu, Jianing Tan, Xi Li",Quantum Algorithm for K-Nearest Neighbors Classification Based on the Metric of Hamming Distance,https://link.springer.com/article/10.1007/s10773-017-3514-4,,,
Nearest Neighbor,Nearest Neighbor,,2021,,,,,,,,,,Quantum Computing,"Jing Li, Song Lin, Kai Yu, Gongde Guo",Quantum K-nearest neighbor classification algorithm based on Hamming distance,https://arxiv.org/pdf/2103.04253,,,
Optimal Binary Search Trees,Huffman Encoding,,2018,,O(N^2 * (logN) ^ a),,3.0,O(N),,,,,Quantum Computing,"['Samuel L. Braunstein', 'Christopher A. Fuchs', 'Daniel Gottesman', 'Hoi-Kwong Lo']",A quantum analog of Huffman coding,https://arxiv.org/abs/quant-ph/9805080,10.48550/arXiv.quant-ph/9805080,Quantum algorithm,
Optimal Binary Search Trees,Huffman Encoding,,2013,,O(n(log n)^2),,3.0,O(n),1.0,,,,Quantum Computing,"['A. S. Tolba', 'M. Z. Rashad', 'M. A. El-Dosuky']",Quantum-inspired Huffman Coding,https://arxiv.org/abs/1302.5130,10.48550/arXiv.1302.5130,,
Strongly Connected Components,Strongly Connected Components,,2021,4.5,O(n^(3/2) (log n)^2),,2.0,O(log n),1.0,,,,Quantum Computing,"['Salman Beigi', 'Leila Taghavi']",Time and Query-Optimal Quantum Algorithms Based on Decision Trees,https://arxiv.org/abs/2105.08309,10.48550/arXiv.2105.08309,,
Strongly Connected Components,Connected Components in an undirected graph,,2004,4.5,O(n^(3/2)),,2.0,O(log n),1.0,,,,Quantum Computing,"['Christoph Dürr', 'Mark Heiligman', 'Peter Høyer', 'Mehdi Mhalla']",Quantum query complexity of some graph problems,https://arxiv.org/abs/quant-ph/0401091,10.48550/arXiv.quant-ph/0401091,,
Strongly Connected Components,Transitive Closure of a symmetric Boolean matrix,,2012,3.0,O(n*sqrt(l) + l*sqrt(n)),,3.0,O(n),1.0,,,,Quantum Computing,['François Le Gall'],A Time-Efficient Output-Sensitive Quantum Algorithm for Boolean Matrix Multiplication,https://arxiv.org/abs/1201.6174,10.48550/arXiv.1201.6174,,
Matrix Chain Multiplication,Matrix Chain Ordering Problem,,2025,5.5,\tilde{O}(n^{2.5}),,5.0,O(n^2),1.0,,,,Quantum Computing,"['Susanna Caroppo', 'Giordano Da Lozzo', 'Giuseppe Di Battista', 'Michael T. Goodrich', 'Martin Nöllenburg']",Quantum Speedups for Polynomial-Time Dynamic Programming Algorithms,https://arxiv.org/abs/2507.00823,10.48550/arXiv.2507.00823,,
Matrix Chain Multiplication,Successive Matrix Multiplication,,2025,2.5,"O(\sqrt{K} poly(\log N, \kappa))",,2.0,O(\log N),1.0,1.0,,,Quantum Computing,"['Xinying Li', 'Pei-Lin Zheng', 'Chengkang Pan', 'Fei Wang', 'Chunfeng Cui', 'Xian Lu']",Faster quantum subroutine for matrix chain multiplication via Chebyshev approximation,https://pmc.ncbi.nlm.nih.gov/articles/PMC12325635/,10.1038/s41598-025-13092-2,,
Root Computation,Finding Polynomial Roots,,2015,7.0,O(poly(n)),,2.0,O(\log n),1.0,,,,Quantum Computing,"['T. Tansuwannont', 'S. Limkumnerd', 'S. Suwanna', 'P. Kalasuwan']",Quantum Phase Estimation Algorithm for Finding Polynomial Roots,https://arxiv.org/abs/1510.04452,10.48550/arXiv.1510.04452,,
Root Computation,Polynomial Root Finding Problem (Modulo M),,2014,2.5,O(\sqrt{M/t}),,2.0,O(\log M),1.0,,,,Quantum Computing,"['Guodong Sun', 'Shenghui Su', 'Maozhi Xu']",Quantum Algorithm for Polynomial Root Finding Problem,https://ieeexplore.ieee.org/document/7016940,10.1109/MINES.2014.24,,
Variance Calculations,Variance Estimation,,2024,2.0,O(\log N),,2.0,O(\log N),1.0,1.0,,1.0,Quantum Computing,"['Anna Bernasconi', 'Alessandro Berti', 'Gianna M. Del Corso', 'Riccardo Guidotti', 'Alessandro Poggiali']",Quantum Subroutine for Variance Estimation: Algorithmic Design and Applications,https://link.springer.com/article/10.1007/s42484-024-00213-9,10.1007/s42484-024-00213-9,,
Lowest Common Ancestor,All-Pairs LCA in DAGs,,2020,5.5,\tilde{O}(n^{2.434}),,5.0,O(n^2),1.0,,,1.0,Quantum Computing,"['Mirosław Kowaluk', 'Andrzej Lingas']",Quantum and Approximation Algorithms for Maximum Witnesses of Boolean Matrix Products,https://link.springer.com/chapter/10.1007/978-3-030-50020-4_24,10.1007/978-3-030-50020-4_24,,
The Set-Covering Problem,Set Cover,,2019,8.0,O^*(1.728^n),,8.0,O^*(1.728^n),1.0,,,1.0,Quantum Computing,"['Andris Ambainis', 'Kaspars Balodis', 'Jānis Iraids', 'Martins Kokainis', 'Krišjānis Prūsis', 'Jevgēnijs Vihrovs']",Quantum Speedups for Exponential-Time Dynamic Programming Algorithms,https://epubs.siam.org/doi/10.1137/1.9781611975482.106,10.1137/1.9781611975482.106,,
The Set-Covering Problem,Minimum Set-Cover,,2019,8.0,O(\sqrt{2^n} poly(m\,n)),,,1.0,,,1.0,Quantum Computing,['Pooya Ronagh'],Quantum Algorithms for Solving Dynamic Programming Problems,https://arxiv.org/abs/1906.02229,10.48550/arXiv.1906.02229,,
Sdd Systems Solvers,Laplacian and SDD Linear Systems Solving,,2022,2.5,\tilde{O}(\sqrt{m n}/\epsilon),,2.0,O(\log n),1.0,1.0,,1.0,Quantum Computing,"['Simon Apers', 'Ronald de Wolf']",Quantum Speedup for Graph Sparsification Cut Approximation and Laplacian Solving,https://epubs.siam.org/doi/10.1137/21M1391018,10.1137/21M1391018,,
Graph Coloring,Chromatic Number,,2024,8.0,O^*(1.7956^n),,8.0,O^*(2^n),1.0,,,1.0,Quantum Computing,"['Serge Gaspers', 'Jerry Zirui Li']","Quantum Algorithms for Graph Coloring and Other Partitioning, Covering, and Packing Problems",https://drops.dagstuhl.de/entities/document/10.4230/LIPIcs.ICALP.2024.69,10.4230/LIPIcs.ICALP.2024.69,,
Graph Coloring,Chromatic Number,,2022,8.0,O(1.9140^n),,8.0,O^*(2^n),1.0,,,1.0,Quantum Computing,"['Kazuya Shimizu', 'Ryuhei Mori']",Exponential-Time Quantum Algorithms for Graph Coloring Problems,https://link.springer.com/article/10.1007/s00453-022-00976-2,10.1007/s00453-022-00976-2,,
Integral Equations,Fredholm Equations,Hierarchically Low Rank Compression QLSP,2026,2.0,\tilde{O}(\kappa \text{polylog}(N/\epsilon)),,2.0,O(\log N),1.0,1.0,,1.0,Quantum Computing,"['Kun Tang', 'Jun Lai']",Beyond Sparsity: Quantum Block Encoding for Dense Matrices via Hierarchically Low Rank Compression,https://arxiv.org/abs/2602.09745,10.48550/arXiv.2602.09745,,
Integral Equations,Volterra Equations,Quantum Wavelet Matrix Operations,2022,2.0,O(\text{poly}(\log N)),,2.0,O(\log N),1.0,1.0,,,Quantum Computing,"['Zhiguo Zhang', 'M. Kon']",Wavelet matrix operations and quantum transforms,https://doi.org/10.1016/j.amc.2022.127179,10.1016/j.amc.2022.127179,,
Data Compression,Lossy Compression,Quantum Discrete Cosine Transform Compression,2018,3.0,O(N),,2.0,O(\log N),1.0,1.0,,1.0,Quantum Computing,"['Ahmed A. Abd El-Latif', 'Bassem Abd-El-Atty', 'Salvador E. Venegas-Andraca']",Signal and Image Compression Using Quantum Discrete Cosine Transform,https://doi.org/10.1016/j.ins.2018.08.061,10.1016/j.ins.2018.08.061,,
Data Compression,Lossless Compression,Quantum Lossless IWT Compression,2021,2.0,\tilde{O}(\text{polylog}(N)),,2.0,O(\log N),1.0,,,,Quantum Computing,['Freddy Alejandro Chaurra Gutiérrez'],Quantum Approach to The Integer Wavelet Transform and Its Application to Quantum Lossless Compression,https://ccc.inaoep.mx/archivos/2021/CCC-22-001.pdf,,,
Discrete Fourier Transform,Discrete Fourier Transform,Quantum Fourier Transform,1994,2.5,O((\log N)^2),,2.0,O(\log N),1.0,,,,Quantum Computing,['Don Coppersmith'],An approximate Fourier transform useful in quantum factoring,https://arxiv.org/abs/quant-ph/0201067,10.48550/arXiv.quant-ph/0201067,,
Dfa Minimization,Cyclic Nontrivial SCCs DFA Minimization,Quantum Algorithm for Lexicographically Minimal String Rotation,2021,2.5,O(n^{3/4}),,2.0,O(\log n),1.0,,,1.0,Quantum Computing,"['Qisheng Wang', 'Mingsheng Ying']",Quantum Algorithm for Lexicographically Minimal String Rotation,https://arxiv.org/abs/2012.09376,10.1007/s00224-023-10146-8,,
Dfa Minimization,Cyclic Nontrivial SCCs DFA Minimization,Near-Optimal Quantum Algorithms for String Problems,2022,2.5,\tilde{O}(n^{1/2}),,2.0,O(\log n),1.0,,,1.0,Quantum Computing,"['Shyan Akmal', 'Ce Jin']",Near-Optimal Quantum Algorithms for String Problems,https://arxiv.org/abs/2110.09696,10.1137/1.9781611977073.109,,
